time,summary
1728415722.6373043,Ether / IPv6 / TCP 2401:4900:57b7:1376:d87b:98f2:2336:1b62:20978 > 2404:6800:4009:829::200a:https A / Raw
1728415722.6785092,Ether / IPv6 / TCP 2404:6800:4009:829::200a:https > 2401:4900:57b7:1376:d87b:98f2:2336:1b62:20978 A
1728415722.7384884,Ether / IPv6 / TCP 2401:4900:57b7:1376:d87b:98f2:2336:1b62:20973 > 2404:6800:4003:c1a::54:https A / Raw
1728415722.8071384,Ether / IPv6 / TCP 2404:6800:4003:c1a::54:https > 2401:4900:57b7:1376:d87b:98f2:2336:1b62:20973 A
1728415722.9176261,Ether / IP / TCP 192.168.57.164:20979 > 54.160.224.39:https A / Raw
1728415723.0569239,Ether / IP / TCP 192.168.57.164:20936 > 34.120.32.134:https A / Raw
1728415723.087061,Ether / IP / TCP 34.120.32.134:https > 192.168.57.164:20936 A
1728415723.1373174,Ether / IP / TCP 54.160.224.39:https > 192.168.57.164:20979 A
1728415723.3783698,Ether / IPv6 / TCP 2401:4900:57b7:1376:d87b:98f2:2336:1b62:20489 > 2404:6800:4009:82c::2003:https PA / Raw
1728415723.4386563,Ether / IPv6 / TCP 2401:4900:57b7:1376:d87b:98f2:2336:1b62:20489 > 2404:6800:4009:82c::2003:https PA / Raw
1728415723.446226,Ether / IPv6 / TCP 2404:6800:4009:82c::2003:https > 2401:4900:57b7:1376:d87b:98f2:2336:1b62:20489 A
1728415723.49759,Ether / IPv6 / TCP 2404:6800:4009:82c::2003:https > 2401:4900:57b7:1376:d87b:98f2:2336:1b62:20489 A
1728415723.49759,Ether / IPv6 / TCP 2404:6800:4009:82c::2003:https > 2401:4900:57b7:1376:d87b:98f2:2336:1b62:20489 PA / Raw
1728415723.49759,Ether / IPv6 / TCP 2401:4900:57b7:1376:d87b:98f2:2336:1b62:20489 > 2404:6800:4009:82c::2003:https A
1728415723.5033233,Ether / IPv6 / TCP 2404:6800:4009:82c::2003:https > 2401:4900:57b7:1376:d87b:98f2:2336:1b62:20489 PA / Raw
1728415723.5049677,Ether / IPv6 / TCP 2404:6800:4009:82c::2003:https > 2401:4900:57b7:1376:d87b:98f2:2336:1b62:20489 PA / Raw
1728415723.5071132,Ether / IPv6 / TCP 2401:4900:57b7:1376:d87b:98f2:2336:1b62:20489 > 2404:6800:4009:82c::2003:https A
1728415723.5071132,Ether / IPv6 / TCP 2404:6800:4009:82c::2003:https > 2401:4900:57b7:1376:d87b:98f2:2336:1b62:20489 PA / Raw
1728415723.546797,Ether / IPv6 / TCP 2404:6800:4009:82c::2003:https > 2401:4900:57b7:1376:d87b:98f2:2336:1b62:20489 PA / Raw
1728415723.546797,Ether / IPv6 / TCP 2401:4900:57b7:1376:d87b:98f2:2336:1b62:20489 > 2404:6800:4009:82c::2003:https A
1728415723.546797,Ether / IPv6 / TCP 2401:4900:57b7:1376:d87b:98f2:2336:1b62:20489 > 2404:6800:4009:82c::2003:https PA / Raw
1728415723.546797,Ether / IPv6 / TCP 2401:4900:57b7:1376:d87b:98f2:2336:1b62:20489 > 2404:6800:4009:82c::2003:https PA / Raw
1728415723.546797,Ether / IPv6 / TCP 2404:6800:4009:82c::2003:https > 2401:4900:57b7:1376:d87b:98f2:2336:1b62:20489 A
1728415723.5574384,Ether / IPv6 / TCP 2401:4900:57b7:1376:d87b:98f2:2336:1b62:21015 > 2001:4860:4802:36::181:https A / Raw
1728415723.6003964,Ether / IPv6 / TCP 2001:4860:4802:36::181:https > 2401:4900:57b7:1376:d87b:98f2:2336:1b62:21015 A
1728415723.647605,Ether / ARP who has 192.168.57.164 says 192.168.57.113
1728415723.9172952,Ether / ARP is at d8:c0:a6:8d:d4:05 says 192.168.57.164
1728415723.9172952,Ether / IPv6 / TCP 2401:4900:57b7:1376:d87b:98f2:2336:1b62:20938 > 2404:6800:4009:804::2003:https A / Raw
1728415723.9584885,Ether / IPv6 / TCP 2404:6800:4009:804::2003:https > 2401:4900:57b7:1376:d87b:98f2:2336:1b62:20938 A
1728415723.978422,Ether / IPv6 / TCP 2401:4900:57b7:1376:d87b:98f2:2336:1b62:20937 > 2404:6800:4009:831::200e:https A / Raw
1728415724.017511,Ether / IPv6 / TCP 2401:4900:57b7:1376:d87b:98f2:2336:1b62:20939 > 2600:9000:2378:200:19:9934:6a80:93a1:https A / Raw
1728415724.017511,Ether / IPv6 / TCP 2600:9000:2378:200:19:9934:6a80:93a1:https > 2401:4900:57b7:1376:d87b:98f2:2336:1b62:20939 A
1728415724.322671,Ether / IPv6 / TCP 2404:6800:4009:831::200e:https > 2401:4900:57b7:1376:d87b:98f2:2336:1b62:20937 A
1728415724.322671,Ether / IPv6 / TCP 2401:4900:57b7:1376:d87b:98f2:2336:1b62:20982 > 2404:6800:4009:830::2003:https A / Raw
1728415724.3462827,Ether / IPv6 / TCP 2404:6800:4009:830::2003:https > 2401:4900:57b7:1376:d87b:98f2:2336:1b62:20982 A
1728415724.3473172,Ether / IPv6 / TCP 2401:4900:57b7:1376:d87b:98f2:2336:1b62:20981 > 2404:6800:4009:811::200e:https A / Raw
1728415724.3871927,Ether / IPv6 / TCP 2404:6800:4009:811::200e:https > 2401:4900:57b7:1376:d87b:98f2:2336:1b62:20981 A
1728415724.6171145,Ether / IPv6 / TCP 2401:4900:57b7:1376:d87b:98f2:2336:1b62:20941 > 2404:6800:4009:805::200e:https A / Raw
1728415724.657036,Ether / IPv6 / TCP 2404:6800:4009:805::200e:https > 2401:4900:57b7:1376:d87b:98f2:2336:1b62:20941 A
1728415724.8376958,Ether / IPv6 / TCP 2401:4900:57b7:1376:d87b:98f2:2336:1b62:20940 > 2606:4700:7::a29f:9904:https A / Raw
1728415724.8772035,Ether / IPv6 / TCP 2606:4700:7::a29f:9904:https > 2401:4900:57b7:1376:d87b:98f2:2336:1b62:20940 A
1728415725.0483627,Ether / IPv6 / TCP 2401:4900:57b7:1376:d87b:98f2:2336:1b62:20928 > 2600:140f:6800::17d7:d753:https PA / Raw
1728415725.087109,Ether / IPv6 / TCP 2600:140f:6800::17d7:d753:https > 2401:4900:57b7:1376:d87b:98f2:2336:1b62:20928 A
1728415726.3477175,Ether / IPv6 / TCP 2600:140f:6800::17d7:d753:https > 2401:4900:57b7:1376:d87b:98f2:2336:1b62:20928 PA / Raw
1728415726.348387,Ether / IPv6 / TCP 2600:140f:6800::17d7:d753:https > 2401:4900:57b7:1376:d87b:98f2:2336:1b62:20928 PA / Raw
1728415726.348387,Ether / IPv6 / TCP 2401:4900:57b7:1376:d87b:98f2:2336:1b62:20928 > 2600:140f:6800::17d7:d753:https A
1728415726.348387,Ether / IPv6 / TCP 2600:140f:6800::17d7:d753:https > 2401:4900:57b7:1376:d87b:98f2:2336:1b62:20928 PA / Raw
1728415726.3684566,Ether / IPv6 / TCP 2401:4900:57b7:1376:d87b:98f2:2336:1b62:20928 > 2600:140f:6800::17d7:d753:https PA / Raw
1728415726.3724709,Ether / IPv6 / TCP 2401:4900:57b7:1376:d87b:98f2:2336:1b62:20930 > 2404:6800:4009:802::200e:https A / Raw
1728415726.3770158,Ether / IPv6 / TCP 2401:4900:57b7:1376:d87b:98f2:2336:1b62:20930 > 2404:6800:4009:802::200e:https PA / Raw
1728415726.3770158,Ether / IPv6 / TCP 2401:4900:57b7:1376:d87b:98f2:2336:1b62:20930 > 2404:6800:4009:802::200e:https PA / Raw
1728415726.3883212,Ether / IPv6 / TCP 2401:4900:57b7:1376:d87b:98f2:2336:1b62:20930 > 2404:6800:4009:802::200e:https A / Raw
1728415726.3975108,Ether / IPv6 / TCP 2401:4900:57b7:1376:d87b:98f2:2336:1b62:20930 > 2404:6800:4009:802::200e:https PA / Raw
1728415726.3985333,Ether / IPv6 / TCP 2600:140f:6800::17d7:d753:https > 2401:4900:57b7:1376:d87b:98f2:2336:1b62:20928 A
1728415726.4177294,Ether / IPv6 / TCP 2404:6800:4009:802::200e:https > 2401:4900:57b7:1376:d87b:98f2:2336:1b62:20930 A
1728415726.418685,Ether / IPv6 / TCP 2404:6800:4009:802::200e:https > 2401:4900:57b7:1376:d87b:98f2:2336:1b62:20930 A
1728415726.418685,Ether / IPv6 / TCP 2404:6800:4009:802::200e:https > 2401:4900:57b7:1376:d87b:98f2:2336:1b62:20930 A
1728415726.418685,Ether / IPv6 / TCP 2404:6800:4009:802::200e:https > 2401:4900:57b7:1376:d87b:98f2:2336:1b62:20930 PA / Raw
1728415726.418685,Ether / IPv6 / TCP 2404:6800:4009:802::200e:https > 2401:4900:57b7:1376:d87b:98f2:2336:1b62:20930 A
1728415726.4684424,Ether / IPv6 / TCP 2401:4900:57b7:1376:d87b:98f2:2336:1b62:20930 > 2404:6800:4009:802::200e:https A
1728415726.5467982,Ether / IPv6 / TCP 2600:140f:6800::17d7:d753:https > 2401:4900:57b7:1376:d87b:98f2:2336:1b62:20928 A / Raw
1728415726.5467982,Ether / IPv6 / TCP 2600:140f:6800::17d7:d753:https > 2401:4900:57b7:1376:d87b:98f2:2336:1b62:20928 A / Raw
1728415726.5569637,Ether / IPv6 / TCP 2401:4900:57b7:1376:d87b:98f2:2336:1b62:20928 > 2600:140f:6800::17d7:d753:https A
1728415726.5613797,Ether / IPv6 / TCP 2404:6800:4009:802::200e:https > 2401:4900:57b7:1376:d87b:98f2:2336:1b62:20930 PA / Raw
1728415726.5665193,Ether / IPv6 / TCP 2404:6800:4009:802::200e:https > 2401:4900:57b7:1376:d87b:98f2:2336:1b62:20930 PA / Raw
1728415726.567044,Ether / IPv6 / TCP 2404:6800:4009:802::200e:https > 2401:4900:57b7:1376:d87b:98f2:2336:1b62:20930 PA / Raw
1728415726.567044,Ether / IPv6 / TCP 2404:6800:4009:802::200e:https > 2401:4900:57b7:1376:d87b:98f2:2336:1b62:20930 PA / Raw
1728415726.567044,Ether / IPv6 / TCP 2600:140f:6800::17d7:d753:https > 2401:4900:57b7:1376:d87b:98f2:2336:1b62:20928 PA / Raw
1728415726.567044,Ether / IPv6 / TCP 2401:4900:57b7:1376:d87b:98f2:2336:1b62:20930 > 2404:6800:4009:802::200e:https A
1728415726.567044,Ether / IPv6 / TCP 2600:140f:6800::17d7:d753:https > 2401:4900:57b7:1376:d87b:98f2:2336:1b62:20928 PA / Raw
1728415726.567044,Ether / IPv6 / TCP 2401:4900:57b7:1376:d87b:98f2:2336:1b62:20928 > 2600:140f:6800::17d7:d753:https A
1728415726.567044,Ether / IPv6 / TCP 2401:4900:57b7:1376:d87b:98f2:2336:1b62:20930 > 2404:6800:4009:802::200e:https PA / Raw
1728415726.5763836,Ether / IPv6 / TCP 2401:4900:57b7:1376:d87b:98f2:2336:1b62:20930 > 2404:6800:4009:802::200e:https PA / Raw
1728415726.577754,Ether / IPv6 / TCP 2401:4900:57b7:1376:d87b:98f2:2336:1b62:21018 > 2404:6800:4009:829::2003:https PA / Raw
1728415726.5785413,Ether / IPv6 / TCP 2401:4900:57b7:1376:d87b:98f2:2336:1b62:21018 > 2404:6800:4009:829::2003:https A / Raw
1728415726.5785413,Ether / IPv6 / TCP 2401:4900:57b7:1376:d87b:98f2:2336:1b62:21018 > 2404:6800:4009:829::2003:https A / Raw
1728415726.5785413,Ether / IPv6 / TCP 2401:4900:57b7:1376:d87b:98f2:2336:1b62:21018 > 2404:6800:4009:829::2003:https PA / Raw
1728415726.5785413,Ether / IPv6 / TCP 2401:4900:57b7:1376:d87b:98f2:2336:1b62:20928 > 2600:140f:6800::17d7:d753:https PA / Raw
1728415726.6484733,Ether / IPv6 / TCP 2600:140f:6800::17d7:d753:https > 2401:4900:57b7:1376:d87b:98f2:2336:1b62:20928 A
1728415726.6774008,Ether / IPv6 / TCP 2404:6800:4009:829::2003:https > 2401:4900:57b7:1376:d87b:98f2:2336:1b62:21018 A
1728415726.728838,Ether / IPv6 / TCP 2404:6800:4009:829::2003:https > 2401:4900:57b7:1376:d87b:98f2:2336:1b62:21018 A
1728415726.728838,Ether / IPv6 / TCP 2404:6800:4009:829::2003:https > 2401:4900:57b7:1376:d87b:98f2:2336:1b62:21018 A
1728415726.7379029,Ether / IPv6 / TCP 2404:6800:4009:829::2003:https > 2401:4900:57b7:1376:d87b:98f2:2336:1b62:21018 A
1728415726.738593,Ether / IPv6 / TCP 2404:6800:4009:802::200e:https > 2401:4900:57b7:1376:d87b:98f2:2336:1b62:20930 A
1728415726.738593,Ether / IPv6 / TCP 2404:6800:4009:802::200e:https > 2401:4900:57b7:1376:d87b:98f2:2336:1b62:20930 A
1728415726.738593,Ether / IPv6 / TCP 2404:6800:4009:829::2003:https > 2401:4900:57b7:1376:d87b:98f2:2336:1b62:21018 PA / Raw
1728415726.7692957,Ether / IPv6 / TCP 2404:6800:4009:829::2003:https > 2401:4900:57b7:1376:d87b:98f2:2336:1b62:21018 PA / Raw
1728415726.7692957,Ether / IPv6 / TCP 2401:4900:57b7:1376:d87b:98f2:2336:1b62:21018 > 2404:6800:4009:829::2003:https A
1728415726.7692957,Ether / IPv6 / TCP 2404:6800:4009:829::2003:https > 2401:4900:57b7:1376:d87b:98f2:2336:1b62:21018 PA / Raw
1728415726.7768784,Ether / IPv6 / TCP 2401:4900:57b7:1376:d87b:98f2:2336:1b62:21018 > 2404:6800:4009:829::2003:https PA / Raw
1728415726.7798262,Ether / IPv6 / TCP 2401:4900:57b7:1376:d87b:98f2:2336:1b62:21018 > 2404:6800:4009:829::2003:https PA / Raw
1728415726.7798262,Ether / IPv6 / TCP 2404:6800:4009:829::2003:https > 2401:4900:57b7:1376:d87b:98f2:2336:1b62:21018 A
1728415726.7798262,Ether / IPv6 / TCP 2404:6800:4009:829::2003:https > 2401:4900:57b7:1376:d87b:98f2:2336:1b62:21018 A
1728415726.7798262,Ether / IP / TCP 192.168.57.164:20478 > 34.120.15.67:https PA / Raw
1728415726.7863593,Ether / IP / TCP 192.168.57.164:20478 > 34.120.15.67:https A / Raw
1728415726.8291364,Ether / IP / TCP 192.168.57.164:20478 > 34.120.15.67:https A / Raw
1728415726.8291364,Ether / IP / TCP 192.168.57.164:20478 > 34.120.15.67:https PA / Raw
1728415726.8291364,Ether / IP / TCP 34.120.15.67:https > 192.168.57.164:20478 A
1728415726.9070194,Ether / IP / TCP 34.120.15.67:https > 192.168.57.164:20478 A
1728415726.9082472,Ether / IP / TCP 34.120.15.67:https > 192.168.57.164:20478 A
1728415726.9082472,Ether / IP / TCP 34.120.15.67:https > 192.168.57.164:20478 A
1728415726.9082472,Ether / IPv6 / TCP 2401:4900:57b7:1376:d87b:98f2:2336:1b62:20984 > 2404:6800:4009:828::2003:https A / Raw
1728415726.9370542,Ether / IPv6 / TCP 2404:6800:4009:828::2003:https > 2401:4900:57b7:1376:d87b:98f2:2336:1b62:20984 A
1728415727.0888832,Ether / IPv6 / TCP 2600:140f:6800::17d7:d753:https > 2401:4900:57b7:1376:d87b:98f2:2336:1b62:20928 PA / Raw
1728415727.0888832,Ether / IPv6 / TCP 2600:140f:6800::17d7:d753:https > 2401:4900:57b7:1376:d87b:98f2:2336:1b62:20928 PA / Raw
1728415727.0888832,Ether / IPv6 / TCP 2401:4900:57b7:1376:d87b:98f2:2336:1b62:20928 > 2600:140f:6800::17d7:d753:https A
1728415727.0888832,Ether / IPv6 / TCP 2600:140f:6800::17d7:d753:https > 2401:4900:57b7:1376:d87b:98f2:2336:1b62:20928 PA / Raw
1728415727.096735,Ether / IPv6 / TCP 2600:140f:6800::17d7:d753:https > 2401:4900:57b7:1376:d87b:98f2:2336:1b62:20928 A / Raw
1728415727.0987203,Ether / IPv6 / TCP 2600:140f:6800::17d7:d753:https > 2401:4900:57b7:1376:d87b:98f2:2336:1b62:20928 A / Raw
1728415727.0987203,Ether / IPv6 / TCP 2401:4900:57b7:1376:d87b:98f2:2336:1b62:20928 > 2600:140f:6800::17d7:d753:https A
1728415727.0987203,Ether / IPv6 / TCP 2600:140f:6800::17d7:d753:https > 2401:4900:57b7:1376:d87b:98f2:2336:1b62:20928 A / Raw
1728415727.1076202,Ether / IPv6 / TCP 2600:140f:6800::17d7:d753:https > 2401:4900:57b7:1376:d87b:98f2:2336:1b62:20928 PA / Raw
1728415727.1101356,Ether / IPv6 / TCP 2401:4900:57b7:1376:d87b:98f2:2336:1b62:20928 > 2600:140f:6800::17d7:d753:https A
1728415727.1101356,Ether / IPv6 / TCP 2600:140f:6800::17d7:d753:https > 2401:4900:57b7:1376:d87b:98f2:2336:1b62:20928 A / Raw
1728415727.1131175,Ether / IPv6 / TCP 2401:4900:57b7:1376:d87b:98f2:2336:1b62:20928 > 2600:140f:6800::17d7:d753:https A
1728415727.1131175,Ether / IPv6 / TCP 2600:140f:6800::17d7:d753:https > 2401:4900:57b7:1376:d87b:98f2:2336:1b62:20928 PA / Raw
1728415727.1131175,Ether / IP / TCP 192.168.57.164:20477 > 34.120.202.204:https PA / Raw
1728415727.1383688,Ether / IP / TCP 192.168.57.164:20477 > 34.120.202.204:https A / Raw
1728415727.1423786,Ether / IP / TCP 192.168.57.164:20477 > 34.120.202.204:https PA / Raw
1728415727.145161,Ether / IP / TCP 34.120.202.204:https > 192.168.57.164:20477 A
1728415727.1468143,Ether / IP / TCP 34.120.15.67:https > 192.168.57.164:20478 PA / Raw
1728415727.1468143,Ether / IP / TCP 34.120.15.67:https > 192.168.57.164:20478 PA / Raw
1728415727.1468143,Ether / IP / TCP 34.120.15.67:https > 192.168.57.164:20478 PA / Raw
1728415727.1468143,Ether / IP / TCP 192.168.57.164:20478 > 34.120.15.67:https A
1728415727.1468143,Ether / IPv6 / TCP 2401:4900:57b7:1376:d87b:98f2:2336:1b62:20928 > 2600:140f:6800::17d7:d753:https A
1728415727.1468143,Ether / IP / TCP 192.168.57.164:20478 > 34.120.15.67:https PA / Raw
1728415727.1468143,Ether / IP / TCP 192.168.57.164:20478 > 34.120.15.67:https PA / Raw
1728415727.1561353,Ether / IP / TCP 34.120.202.204:https > 192.168.57.164:20477 A
1728415727.197309,Ether / IP / TCP 34.120.202.204:https > 192.168.57.164:20477 A
1728415727.197309,Ether / IPv6 / TCP 2401:4900:57b7:1376:d87b:98f2:2336:1b62:20995 > 2404:6800:4009:821::2008:https A / Raw
1728415727.236971,Ether / IP / TCP 34.120.15.67:https > 192.168.57.164:20478 A
1728415727.236971,Ether / IP / TCP 34.120.15.67:https > 192.168.57.164:20478 A
1728415727.236971,Ether / IPv6 / TCP 2404:6800:4009:821::2008:https > 2401:4900:57b7:1376:d87b:98f2:2336:1b62:20995 A
1728415727.3178802,Ether / IPv6 / TCP 2401:4900:57b7:1376:d87b:98f2:2336:1b62:20958 > 2404:6800:4009:827::2003:https A / Raw
1728415727.3484316,Ether / IPv6 / TCP 2404:6800:4009:827::2003:https > 2401:4900:57b7:1376:d87b:98f2:2336:1b62:20958 A
1728415727.4469035,Ether / IP / TCP 34.120.202.204:https > 192.168.57.164:20477 PA / Raw
1728415727.4514382,Ether / IP / TCP 192.168.57.164:20477 > 34.120.202.204:https PA / Raw
1728415727.4889019,Ether / IP / TCP 34.120.202.204:https > 192.168.57.164:20477 A
1728415727.6067123,Ether / IPv6 / TCP 2401:4900:57b7:1376:d87b:98f2:2336:1b62:20928 > 2600:140f:6800::17d7:d753:https PA / Raw
1728415727.6483514,Ether / IPv6 / TCP 2600:140f:6800::17d7:d753:https > 2401:4900:57b7:1376:d87b:98f2:2336:1b62:20928 A
1728415727.658482,Ether / IPv6 / TCP 2600:140f:6800::17d7:d753:https > 2401:4900:57b7:1376:d87b:98f2:2336:1b62:20928 PA / Raw
1728415727.6598763,Ether / IPv6 / TCP 2600:140f:6800::17d7:d753:https > 2401:4900:57b7:1376:d87b:98f2:2336:1b62:20928 A / Raw
1728415727.662244,Ether / IPv6 / TCP 2600:140f:6800::17d7:d753:https > 2401:4900:57b7:1376:d87b:98f2:2336:1b62:20928 A / Raw
1728415727.662244,Ether / IPv6 / TCP 2401:4900:57b7:1376:d87b:98f2:2336:1b62:20928 > 2600:140f:6800::17d7:d753:https A
1728415727.6662652,Ether / IPv6 / TCP 2600:140f:6800::17d7:d753:https > 2401:4900:57b7:1376:d87b:98f2:2336:1b62:20928 A / Raw
1728415727.6682336,Ether / IPv6 / TCP 2600:140f:6800::17d7:d753:https > 2401:4900:57b7:1376:d87b:98f2:2336:1b62:20928 PA / Raw
1728415727.6682336,Ether / IPv6 / TCP 2401:4900:57b7:1376:d87b:98f2:2336:1b62:20928 > 2600:140f:6800::17d7:d753:https A
1728415727.6682336,Ether / IPv6 / TCP 2401:4900:57b7:1376:d87b:98f2:2336:1b62:20928 > 2600:140f:6800::17d7:d753:https PA / Raw
1728415727.7134383,Ether / IPv6 / TCP 2600:140f:6800::17d7:d753:https > 2401:4900:57b7:1376:d87b:98f2:2336:1b62:20928 A
1728415727.7183738,Ether / IPv6 / TCP 2600:140f:6800::17d7:d753:https > 2401:4900:57b7:1376:d87b:98f2:2336:1b62:20928 PA / Raw
1728415727.7210577,Ether / IPv6 / TCP 2600:140f:6800::17d7:d753:https > 2401:4900:57b7:1376:d87b:98f2:2336:1b62:20928 A / Raw
1728415727.7221081,Ether / IPv6 / TCP 2600:140f:6800::17d7:d753:https > 2401:4900:57b7:1376:d87b:98f2:2336:1b62:20928 A / Raw
1728415727.7221081,Ether / IPv6 / TCP 2600:140f:6800::17d7:d753:https > 2401:4900:57b7:1376:d87b:98f2:2336:1b62:20928 A / Raw
1728415727.726727,Ether / IPv6 / TCP 2600:140f:6800::17d7:d753:https > 2401:4900:57b7:1376:d87b:98f2:2336:1b62:20928 A / Raw
1728415727.726727,Ether / IPv6 / TCP 2600:140f:6800::17d7:d753:https > 2401:4900:57b7:1376:d87b:98f2:2336:1b62:20928 A / Raw
1728415727.726727,Ether / IPv6 / TCP 2401:4900:57b7:1376:d87b:98f2:2336:1b62:20928 > 2600:140f:6800::17d7:d753:https A
1728415727.726727,Ether / IPv6 / TCP 2600:140f:6800::17d7:d753:https > 2401:4900:57b7:1376:d87b:98f2:2336:1b62:20928 A / Raw
1728415727.7304978,Ether / IPv6 / TCP 2600:140f:6800::17d7:d753:https > 2401:4900:57b7:1376:d87b:98f2:2336:1b62:20928 PA / Raw
1728415727.7304978,Ether / IPv6 / TCP 2600:140f:6800::17d7:d753:https > 2401:4900:57b7:1376:d87b:98f2:2336:1b62:20928 A / Raw
1728415727.7304978,Ether / IPv6 / TCP 2401:4900:57b7:1376:d87b:98f2:2336:1b62:20928 > 2600:140f:6800::17d7:d753:https A
1728415727.736512,Ether / IPv6 / TCP 2600:140f:6800::17d7:d753:https > 2401:4900:57b7:1376:d87b:98f2:2336:1b62:20928 A / Raw
1728415727.7376773,Ether / IPv6 / TCP 2600:140f:6800::17d7:d753:https > 2401:4900:57b7:1376:d87b:98f2:2336:1b62:20928 A / Raw
1728415727.7380974,Ether / IPv6 / TCP 2600:140f:6800::17d7:d753:https > 2401:4900:57b7:1376:d87b:98f2:2336:1b62:20928 A / Raw
1728415727.7380974,Ether / IPv6 / TCP 2600:140f:6800::17d7:d753:https > 2401:4900:57b7:1376:d87b:98f2:2336:1b62:20928 A / Raw
1728415727.7380974,Ether / IPv6 / TCP 2600:140f:6800::17d7:d753:https > 2401:4900:57b7:1376:d87b:98f2:2336:1b62:20928 A / Raw
1728415727.7380974,Ether / IPv6 / TCP 2401:4900:57b7:1376:d87b:98f2:2336:1b62:20928 > 2600:140f:6800::17d7:d753:https A
1728415727.7380974,Ether / IPv6 / TCP 2600:140f:6800::17d7:d753:https > 2401:4900:57b7:1376:d87b:98f2:2336:1b62:20928 PA / Raw
1728415727.7380974,Ether / IPv6 / TCP 2600:140f:6800::17d7:d753:https > 2401:4900:57b7:1376:d87b:98f2:2336:1b62:20928 A / Raw
1728415727.7380974,Ether / IPv6 / TCP 2600:140f:6800::17d7:d753:https > 2401:4900:57b7:1376:d87b:98f2:2336:1b62:20928 A / Raw
1728415727.7380974,Ether / IPv6 / TCP 2600:140f:6800::17d7:d753:https > 2401:4900:57b7:1376:d87b:98f2:2336:1b62:20928 A / Raw
1728415727.747076,Ether / IPv6 / TCP 2600:140f:6800::17d7:d753:https > 2401:4900:57b7:1376:d87b:98f2:2336:1b62:20928 PA / Raw
1728415727.747076,Ether / IPv6 / TCP 2401:4900:57b7:1376:d87b:98f2:2336:1b62:20928 > 2600:140f:6800::17d7:d753:https A
1728415727.747076,Ether / IPv6 / TCP 2401:4900:57b7:1376:d87b:98f2:2336:1b62:20928 > 2600:140f:6800::17d7:d753:https PA / Raw
1728415727.765008,Ether / IP / TCP 192.168.57.164:20477 > 34.120.202.204:https PA / Raw
1728415727.7680995,Ether / IP / TCP 192.168.57.164:20477 > 34.120.202.204:https A / Raw
1728415727.7686002,Ether / IP / TCP 192.168.57.164:20477 > 34.120.202.204:https PA / Raw
1728415727.7700315,Ether / IPv6 / TCP 2600:140f:6800::17d7:d753:https > 2401:4900:57b7:1376:d87b:98f2:2336:1b62:20928 PA / Raw
1728415727.8083315,Ether / IPv6 / TCP 2600:140f:6800::17d7:d753:https > 2401:4900:57b7:1376:d87b:98f2:2336:1b62:20928 A / Raw
1728415727.8083315,Ether / IPv6 / TCP 2401:4900:57b7:1376:d87b:98f2:2336:1b62:20928 > 2600:140f:6800::17d7:d753:https A
1728415727.8138218,Ether / IPv6 / TCP 2600:140f:6800::17d7:d753:https > 2401:4900:57b7:1376:d87b:98f2:2336:1b62:20928 A / Raw
1728415727.8138218,Ether / IPv6 / TCP 2600:140f:6800::17d7:d753:https > 2401:4900:57b7:1376:d87b:98f2:2336:1b62:20928 A / Raw
1728415727.816951,Ether / IPv6 / TCP 2401:4900:57b7:1376:d87b:98f2:2336:1b62:20928 > 2600:140f:6800::17d7:d753:https A
1728415727.816951,Ether / IPv6 / TCP 2600:140f:6800::17d7:d753:https > 2401:4900:57b7:1376:d87b:98f2:2336:1b62:20928 PA / Raw
1728415727.816951,Ether / IPv6 / TCP 2401:4900:57b7:1376:d87b:98f2:2336:1b62:20928 > 2600:140f:6800::17d7:d753:https PA / Raw
1728415727.816951,Ether / IP / TCP 34.120.202.204:https > 192.168.57.164:20477 A
1728415727.8470232,Ether / IP / TCP 34.120.202.204:https > 192.168.57.164:20477 A
1728415727.8470232,Ether / IP / TCP 34.120.202.204:https > 192.168.57.164:20477 A
1728415727.8470232,Ether / IPv6 / TCP 2600:140f:6800::17d7:d753:https > 2401:4900:57b7:1376:d87b:98f2:2336:1b62:20928 A
1728415728.1284182,Ether / IP / TCP 34.120.202.204:https > 192.168.57.164:20477 PA / Raw
1728415728.1304858,Ether / IP / TCP 192.168.57.164:20477 > 34.120.202.204:https PA / Raw
1728415728.166722,Ether / IP / TCP 34.120.202.204:https > 192.168.57.164:20477 A
1728415728.898602,Ether / IPv6 / TCP 2600:140f:6800::17d7:d753:https > 2401:4900:57b7:1376:d87b:98f2:2336:1b62:20928 PA / Raw
1728415728.898602,Ether / IPv6 / TCP 2600:140f:6800::17d7:d753:https > 2401:4900:57b7:1376:d87b:98f2:2336:1b62:20928 PA / Raw
1728415728.907184,Ether / IPv6 / TCP 2401:4900:57b7:1376:d87b:98f2:2336:1b62:20928 > 2600:140f:6800::17d7:d753:https A
1728415728.907184,Ether / IPv6 / TCP 2600:140f:6800::17d7:d753:https > 2401:4900:57b7:1376:d87b:98f2:2336:1b62:20928 PA / Raw
1728415728.929535,Ether / IPv6 / TCP 2401:4900:57b7:1376:d87b:98f2:2336:1b62:20457 > 2603:1040:a06:6::1:https PA / Raw
1728415728.9473023,Ether / IPv6 / TCP 2401:4900:57b7:1376:d87b:98f2:2336:1b62:20928 > 2600:140f:6800::17d7:d753:https A
1728415728.9486187,Ether / IPv6 / TCP 2603:1040:a06:6::1:https > 2401:4900:57b7:1376:d87b:98f2:2336:1b62:20457 PA / Raw
1728415729.0067947,Ether / IPv6 / TCP 2401:4900:57b7:1376:d87b:98f2:2336:1b62:20457 > 2603:1040:a06:6::1:https A
1728415729.335415,Ether / IPv6 / TCP 2600:140f:6800::17d7:d753:https > 2401:4900:57b7:1376:d87b:98f2:2336:1b62:20928 A / Raw
1728415729.3379138,Ether / IPv6 / TCP 2600:140f:6800::17d7:d753:https > 2401:4900:57b7:1376:d87b:98f2:2336:1b62:20928 A / Raw
1728415729.3379138,Ether / IPv6 / TCP 2401:4900:57b7:1376:d87b:98f2:2336:1b62:20928 > 2600:140f:6800::17d7:d753:https A
1728415729.3472662,Ether / IPv6 / TCP 2600:140f:6800::17d7:d753:https > 2401:4900:57b7:1376:d87b:98f2:2336:1b62:20928 A / Raw
1728415729.3683763,Ether / IPv6 / TCP 2600:140f:6800::17d7:d753:https > 2401:4900:57b7:1376:d87b:98f2:2336:1b62:20928 PA / Raw
1728415729.3683763,Ether / IPv6 / TCP 2401:4900:57b7:1376:d87b:98f2:2336:1b62:20928 > 2600:140f:6800::17d7:d753:https A
1728415729.3683763,Ether / IPv6 / TCP 2600:140f:6800::17d7:d753:https > 2401:4900:57b7:1376:d87b:98f2:2336:1b62:20928 A / Raw
1728415729.3683763,Ether / IPv6 / TCP 2600:140f:6800::17d7:d753:https > 2401:4900:57b7:1376:d87b:98f2:2336:1b62:20928 A / Raw
1728415729.3683763,Ether / IPv6 / TCP 2600:140f:6800::17d7:d753:https > 2401:4900:57b7:1376:d87b:98f2:2336:1b62:20928 A / Raw
1728415729.3772125,Ether / IPv6 / TCP 2401:4900:57b7:1376:d87b:98f2:2336:1b62:20928 > 2600:140f:6800::17d7:d753:https A
1728415729.3772125,Ether / IPv6 / TCP 2600:140f:6800::17d7:d753:https > 2401:4900:57b7:1376:d87b:98f2:2336:1b62:20928 A / Raw
1728415729.3772125,Ether / IPv6 / TCP 2600:140f:6800::17d7:d753:https > 2401:4900:57b7:1376:d87b:98f2:2336:1b62:20928 A / Raw
1728415729.3772125,Ether / IPv6 / TCP 2401:4900:57b7:1376:d87b:98f2:2336:1b62:20928 > 2600:140f:6800::17d7:d753:https A
1728415729.3772125,Ether / IPv6 / TCP 2600:140f:6800::17d7:d753:https > 2401:4900:57b7:1376:d87b:98f2:2336:1b62:20928 A / Raw
1728415729.3772125,Ether / IPv6 / TCP 2401:4900:57b7:1376:d87b:98f2:2336:1b62:20928 > 2600:140f:6800::17d7:d753:https A
1728415729.3772125,Ether / IPv6 / TCP 2600:140f:6800::17d7:d753:https > 2401:4900:57b7:1376:d87b:98f2:2336:1b62:20928 PA / Raw
1728415729.3772125,Ether / IPv6 / TCP 2600:140f:6800::17d7:d753:https > 2401:4900:57b7:1376:d87b:98f2:2336:1b62:20928 A / Raw
1728415729.3772125,Ether / IPv6 / TCP 2401:4900:57b7:1376:d87b:98f2:2336:1b62:20928 > 2600:140f:6800::17d7:d753:https A
1728415729.3772125,Ether / IPv6 / TCP 2600:140f:6800::17d7:d753:https > 2401:4900:57b7:1376:d87b:98f2:2336:1b62:20928 A / Raw
1728415729.390429,Ether / IPv6 / TCP 2600:140f:6800::17d7:d753:https > 2401:4900:57b7:1376:d87b:98f2:2336:1b62:20928 PA / Raw
1728415729.390429,Ether / IPv6 / TCP 2401:4900:57b7:1376:d87b:98f2:2336:1b62:20928 > 2600:140f:6800::17d7:d753:https A
1728415729.390429,Ether / IPv6 / TCP 2401:4900:57b7:1376:d87b:98f2:2336:1b62:20968 > 2404:6800:4009:802::200e:https A / Raw
1728415729.3971462,Ether / IPv6 / TCP 2404:6800:4009:802::200e:https > 2401:4900:57b7:1376:d87b:98f2:2336:1b62:20968 A
1728415729.403226,Ether / IPv6 / TCP 2600:140f:6800::17d7:d753:https > 2401:4900:57b7:1376:d87b:98f2:2336:1b62:20928 A / Raw
1728415729.408242,Ether / IPv6 / TCP 2600:140f:6800::17d7:d753:https > 2401:4900:57b7:1376:d87b:98f2:2336:1b62:20928 A / Raw
1728415729.408242,Ether / IPv6 / TCP 2401:4900:57b7:1376:d87b:98f2:2336:1b62:20928 > 2600:140f:6800::17d7:d753:https A
1728415729.408242,Ether / IPv6 / TCP 2600:140f:6800::17d7:d753:https > 2401:4900:57b7:1376:d87b:98f2:2336:1b62:20928 PA / Raw
1728415729.408242,Ether / IPv6 / TCP 2401:4900:57b7:1376:d87b:98f2:2336:1b62:20928 > 2600:140f:6800::17d7:d753:https PA / Raw
1728415729.4384947,Ether / IPv6 / TCP 2600:140f:6800::17d7:d753:https > 2401:4900:57b7:1376:d87b:98f2:2336:1b62:20928 A
1728415730.027615,Ether / IPv6 / TCP 2401:4900:57b7:1376:d87b:98f2:2336:1b62:20989 > 2404:6800:4009:82f::200e:https A / Raw
1728415730.0511882,Ether / IPv6 / TCP 2404:6800:4009:82f::200e:https > 2401:4900:57b7:1376:d87b:98f2:2336:1b62:20989 A
1728415730.1865602,Ether / IPv6 / TCP 2600:140f:6800::17d7:d753:https > 2401:4900:57b7:1376:d87b:98f2:2336:1b62:20928 PA / Raw
1728415730.3731418,Ether / IPv6 / TCP 2600:140f:6800::17d7:d753:https > 2401:4900:57b7:1376:d87b:98f2:2336:1b62:20928 PA / Raw
1728415730.3769531,Ether / IPv6 / TCP 2401:4900:57b7:1376:d87b:98f2:2336:1b62:20928 > 2600:140f:6800::17d7:d753:https A
1728415730.3769531,Ether / IPv6 / TCP 2401:4900:57b7:1376:d87b:98f2:2336:1b62:20930 > 2404:6800:4009:802::200e:https A / Raw
1728415730.4161296,Ether / IPv6 / TCP 2401:4900:57b7:1376:d87b:98f2:2336:1b62:20930 > 2404:6800:4009:802::200e:https A / Raw
1728415730.4183583,Ether / IPv6 / TCP 2401:4900:57b7:1376:d87b:98f2:2336:1b62:20930 > 2404:6800:4009:802::200e:https PA / Raw
1728415730.4188175,Ether / IPv6 / TCP 2401:4900:57b7:1376:d87b:98f2:2336:1b62:20930 > 2404:6800:4009:802::200e:https PA / Raw
1728415730.4188175,Ether / IPv6 / TCP 2600:140f:6800::17d7:d753:https > 2401:4900:57b7:1376:d87b:98f2:2336:1b62:20928 A / Raw
1728415730.466884,Ether / IPv6 / TCP 2600:140f:6800::17d7:d753:https > 2401:4900:57b7:1376:d87b:98f2:2336:1b62:20928 A / Raw
1728415730.466884,Ether / IPv6 / TCP 2401:4900:57b7:1376:d87b:98f2:2336:1b62:20928 > 2600:140f:6800::17d7:d753:https A
1728415730.466884,Ether / IPv6 / TCP 2600:140f:6800::17d7:d753:https > 2401:4900:57b7:1376:d87b:98f2:2336:1b62:20928 PA / Raw
1728415730.466884,Ether / IPv6 / TCP 2404:6800:4009:802::200e:https > 2401:4900:57b7:1376:d87b:98f2:2336:1b62:20930 A
1728415730.466884,Ether / IPv6 / TCP 2404:6800:4009:802::200e:https > 2401:4900:57b7:1376:d87b:98f2:2336:1b62:20930 A
1728415730.4743798,Ether / IPv6 / TCP 2404:6800:4009:802::200e:https > 2401:4900:57b7:1376:d87b:98f2:2336:1b62:20930 A
1728415730.476405,Ether / IPv6 / TCP 2401:4900:57b7:1376:d87b:98f2:2336:1b62:20928 > 2600:140f:6800::17d7:d753:https A
1728415730.5284095,Ether / IPv6 / TCP 2404:6800:4009:802::200e:https > 2401:4900:57b7:1376:d87b:98f2:2336:1b62:20930 PA / Raw
1728415730.537981,Ether / IPv6 / TCP 2404:6800:4009:802::200e:https > 2401:4900:57b7:1376:d87b:98f2:2336:1b62:20930 PA / Raw
1728415730.5402043,Ether / IPv6 / TCP 2401:4900:57b7:1376:d87b:98f2:2336:1b62:20930 > 2404:6800:4009:802::200e:https A
1728415730.5402043,Ether / IPv6 / TCP 2404:6800:4009:802::200e:https > 2401:4900:57b7:1376:d87b:98f2:2336:1b62:20930 PA / Raw
1728415730.5679135,Ether / IPv6 / TCP 2404:6800:4009:802::200e:https > 2401:4900:57b7:1376:d87b:98f2:2336:1b62:20930 PA / Raw
1728415730.5679135,Ether / IPv6 / TCP 2401:4900:57b7:1376:d87b:98f2:2336:1b62:20930 > 2404:6800:4009:802::200e:https A
1728415730.5679135,Ether / IPv6 / TCP 2401:4900:57b7:1376:d87b:98f2:2336:1b62:20930 > 2404:6800:4009:802::200e:https PA / Raw
1728415730.5764656,Ether / IPv6 / TCP 2404:6800:4009:802::200e:https > 2401:4900:57b7:1376:d87b:98f2:2336:1b62:20930 A
1728415730.9293215,Ether / IPv6 / TCP 2401:4900:57b7:1376:d87b:98f2:2336:1b62:20928 > 2600:140f:6800::17d7:d753:https PA / Raw
1728415730.9486976,Ether / IPv6 / TCP 2600:140f:6800::17d7:d753:https > 2401:4900:57b7:1376:d87b:98f2:2336:1b62:20928 A
1728415731.1876788,Ether / IPv6 / TCP 2401:4900:57b7:1376:d87b:98f2:2336:1b62:20969 > 2404:6800:4009:803::200a:https A / Raw
1728415731.2288454,Ether / IPv6 / TCP 2404:6800:4009:803::200a:https > 2401:4900:57b7:1376:d87b:98f2:2336:1b62:20969 A
1728415731.5069733,Ether / IPv6 / TCP 2401:4900:57b7:1376:d87b:98f2:2336:1b62:20961 > 2404:6800:4009:826::2003:https A / Raw
1728415731.5369477,Ether / IPv6 / TCP 2404:6800:4009:826::2003:https > 2401:4900:57b7:1376:d87b:98f2:2336:1b62:20961 A
1728415731.6895561,Ether / IP / TCP 192.168.57.164:20979 > 54.160.224.39:https PA / Raw
1728415731.696932,Ether / IP / TCP 192.168.57.164:20979 > 54.160.224.39:https PA / Raw
1728415731.87039,Ether / IPv6 / TCP 2600:140f:6800::17d7:d753:https > 2401:4900:57b7:1376:d87b:98f2:2336:1b62:20928 PA / Raw
1728415731.8733938,Ether / IPv6 / TCP 2600:140f:6800::17d7:d753:https > 2401:4900:57b7:1376:d87b:98f2:2336:1b62:20928 PA / Raw
1728415731.8759608,Ether / IPv6 / TCP 2401:4900:57b7:1376:d87b:98f2:2336:1b62:20928 > 2600:140f:6800::17d7:d753:https A
1728415731.878623,Ether / IPv6 / TCP 2600:140f:6800::17d7:d753:https > 2401:4900:57b7:1376:d87b:98f2:2336:1b62:20928 A / Raw
1728415731.881075,Ether / IPv6 / TCP 2600:140f:6800::17d7:d753:https > 2401:4900:57b7:1376:d87b:98f2:2336:1b62:20928 A / Raw
1728415731.881075,Ether / IPv6 / TCP 2401:4900:57b7:1376:d87b:98f2:2336:1b62:20928 > 2600:140f:6800::17d7:d753:https A
1728415731.881075,Ether / IPv6 / TCP 2600:140f:6800::17d7:d753:https > 2401:4900:57b7:1376:d87b:98f2:2336:1b62:20928 PA / Raw
1728415731.881075,Ether / IPv6 / TCP 2401:4900:57b7:1376:d87b:98f2:2336:1b62:20928 > 2600:140f:6800::17d7:d753:https PA / Raw
1728415731.881075,Ether / IPv6 / TCP 2401:4900:57b7:1376:d87b:98f2:2336:1b62:20928 > 2600:140f:6800::17d7:d753:https PA / Raw
1728415731.8985422,Ether / IPv6 / TCP 2600:140f:6800::17d7:d753:https > 2401:4900:57b7:1376:d87b:98f2:2336:1b62:20928 A
1728415731.9071827,Ether / IP / TCP 54.160.224.39:https > 192.168.57.164:20979 PA / Raw
1728415731.9071827,Ether / IP / TCP 54.160.224.39:https > 192.168.57.164:20979 A
1728415731.9164453,Ether / IP / TCP 192.168.57.164:20979 > 54.160.224.39:https A
1728415731.918573,Ether / IP / TCP 54.160.224.39:https > 192.168.57.164:20979 A
1728415731.9199796,Ether / IP / TCP 192.168.57.164:20979 > 54.160.224.39:https A
1728415731.921901,Ether / IP / TCP 54.160.224.39:https > 192.168.57.164:20979 PA / Raw
1728415731.9224036,Ether / IP / TCP 54.160.224.39:https > 192.168.57.164:20979 PA / Raw
1728415731.9224036,Ether / IP / TCP 192.168.57.164:20979 > 54.160.224.39:https A
1728415731.9269438,Ether / IP / TCP 192.168.57.164:20979 > 54.160.224.39:https PA / Raw
1728415731.9269438,Ether / IP / TCP 192.168.57.164:20979 > 54.160.224.39:https PA / Raw
1728415731.9269438,Ether / IP / TCP 192.168.57.164:20979 > 54.160.224.39:https PA / Raw
1728415731.9269438,Ether / IPv6 / TCP 2600:140f:6800::17d7:d753:https > 2401:4900:57b7:1376:d87b:98f2:2336:1b62:20928 A
1728415732.097801,Ether / IPv6 / TCP 2404:6800:4009:832::200a:https > 2401:4900:57b7:1376:d87b:98f2:2336:1b62:20655 PA / Raw
1728415732.1174505,Ether / IPv6 / TCP 2401:4900:57b7:1376:d87b:98f2:2336:1b62:20655 > 2404:6800:4009:832::200a:https PA / Raw
1728415732.1673565,Ether / IPv6 / TCP 2401:4900:57b7:1376:d87b:98f2:2336:1b62:20655 > 2404:6800:4009:832::200a:https PA / Raw
1728415732.1673565,Ether / IP / TCP 54.160.224.39:https > 192.168.57.164:20979 A
1728415732.2064245,Ether / IPv6 / TCP 2404:6800:4009:832::200a:https > 2401:4900:57b7:1376:d87b:98f2:2336:1b62:20655 A
1728415732.2069657,Ether / IPv6 / TCP 2404:6800:4009:832::200a:https > 2401:4900:57b7:1376:d87b:98f2:2336:1b62:20655 A
1728415732.2069657,Ether / IP / TCP 54.160.224.39:https > 192.168.57.164:20979 A
1728415732.2154386,Ether / IP / TCP 54.160.224.39:https > 192.168.57.164:20979 PA / Raw
